,username
405,abdul.rowland
309,addie.cherry
372,adele.moreno
526,adeline.bush
279,adolfo.kane
337,adolfo.lara
434,adriana.daniels
16,ahmad.hopper
122,aida.combs
727,aisha.jenkins
199,al.dunlap
147,alana.franco
610,alberta.leblanc
530,alec.robbins
695,alejandra.stephenson
437,alejandro.burke
490,alejandro.nieves
205,alexander.thomas
400,alexandria.hinton
456,alexis.mccullough
93,alexis.reynolds
656,alfonso.cash
582,alfonso.weaver
151,alfonzo.johns
630,alisa.campbell
342,alisa.cohen
581,alison.neal
190,allan.marshall
142,alonzo.fowler
675,amado.bridges
88,amado.fitzgerald
609,amber.summers
412,amber.vega
445,amelia.frost
626,amie.blanchard
578,amos.maldonado
732,amparo.evans
576,anastasia.fry
150,anderson.black
82,anderson.dillard
179,andre.serrano
565,andrea.berg
411,andrea.day
48,andy.cruz
746,angel.jefferson
163,angelina.gaines
589,angelita.white
155,angelita.york
288,anibal.rivas
512,anna.pugh
281,annette.maynard
236,annette.terrell
739,annie.mendez
104,antoine.johnson
687,anton.pruitt
647,antonia.stephenson
497,antony.mitchell
757,araceli.wilder
140,ariel.mendez
552,armand.martinez
126,art.velez
389,ashley.house
509,ashley.shaw
618,augusta.hall
670,aurelia.blair
367,aurelia.langley
420,autumn.alford
440,barbra.puckett
583,beatrice.hall
156,beatrice.sparks
197,beatriz.ward
293,beau.armstrong
743,becky.hickman
285,benita.schneider
671,benito.le
657,bernadine.whitfield
677,bernardo.fernandez
192,berry.mcneil
668,bertie.yang
284,betsy.oneal
500,billie.fowler
652,blake.harrell
577,bobbie.rollins
538,bobbie.sears
118,bonita.ingram
449,bonita.morin
267,brain.webster
303,brandi.brooks
430,brandie.webster
128,brandon.francis
2,brant.zimmerman
86,brenda.blevins
543,brenda.crawford
184,brendan.barron
692,brent.hebert
103,brittany.mosley
498,brooke.ferrell
729,bruno.acosta
720,bryan.fisher
397,bryant.briggs
547,bryon.pratt
480,burl.parrish
570,burl.perkins
519,byron.cooley
730,byron.dominguez
563,byron.jacobs
45,caleb.powers
164,candice.bolton
296,carl.morton
616,carlene.young
681,carlo.dunlap
742,carmela.clayton
416,carmelo.byers
27,carmelo.sherman
282,carol.campos
674,carroll.whitfield
479,cary.schneider
623,cathryn.prince
506,cathryn.roberts
182,celeste.cox
511,chadwick.day
306,charles.ayala
386,charles.morris
548,charley.fuller
348,charley.key
370,chase.garza
159,chase.trujillo
274,chasity.whitfield
518,cheri.ryan
612,chris.sanford
634,christa.adkins
741,christa.morrison
365,christie.watson
51,christine.mcconnell
213,christoper.clark
632,christy.hensley
70,christy.lindsey
747,chrystal.burns
637,clair.richmond
482,claire.jefferson
59,clara.ward
413,clarence.britt
662,clarissa.powers
352,clayton.holloway
593,cleo.durham
517,clifford.steele
351,clifton.norton
539,clinton.marsh
46,collin.dixon
242,concepcion.case
454,consuelo.gibbs
229,cornelia.greer
193,cornelius.rutledge
708,cory.chaney
452,courtney.conner
651,crystal.adams
325,cynthia.browning
276,daisy.gill
666,daisy.lopez
704,daisy.washington
638,damian.savage
12,dannie.gaines
95,dannie.mcguire
346,dannie.olsen
575,daren.guthrie
540,daren.strong
603,darius.alvarez
174,darius.norton
112,darla.wall
278,dean.carter
124,deanna.giles
462,dee.mccoy
39,deidre.brooks
220,della.landry
588,della.petty
180,delmer.lynn
748,deloris.dixon
510,dena.pollard
87,denis.stone
596,denny.harrell
145,derick.day
92,devon.burgess
195,devon.harrington
415,devon.holman
329,dewayne.drake
60,dewey.bonner
402,diann.nicholson
7,dianna.munoz
44,diego.elliott
728,diego.rice
483,dirk.frazier
66,dixie.noble
646,dolly.bonner
42,dolores.terry
3,domingo.dyer
533,dominique.cherry
390,dominique.joyner
246,donna.calhoun
410,donna.mcmahon
275,donnie.hodges
707,donnie.sandoval
30,dorian.caldwell
710,doris.higgins
664,dorothea.klein
181,doug.dickerson
715,doyle.hess
569,drew.johns
201,drew.roach
713,duane.cooley
183,dudley.koch
203,dwayne.benton
442,dwayne.hurst
564,earlene.cooper
401,earline.obrien
266,ebony.donaldson
259,edgar.odom
549,edmund.dunn
121,edward.bryan
696,edward.lynch
305,edwardo.goff
295,efrain.long
700,elba.morton
248,elias.holland
523,elias.short
667,elise.newman
62,elizabeth.potter
134,elma.campos
754,elmer.mccormick
691,eloise.chapman
41,eloise.newman
639,elvira.walter
451,emerson.caldwell
468,emily.wise
238,emma.douglas
377,enrique.mendoza
233,eric.buckner
67,erick.miles
194,erma.warren
608,erna.horton
13,ervin.dyer
702,esmeralda.irwin
111,estella.david
214,estella.ortega
486,estelle.sexton
379,esther.lang
289,eugene.mckenzie
308,eugenio.bray
407,evangelina.barton
187,eve.gamble
464,eve.oconnor
697,everett.hale
617,ezra.aguilar
680,faye.johns
138,felicia.joyce
382,fletcher.dillon
615,florence.jimenez
31,florine.gibson
176,flossie.klein
334,foster.james
716,francine.buckner
398,francisca.hill
110,francisco.logan
332,frank.bean
120,frankie.allen
396,frankie.head
660,franklin.jordan
619,fredrick.stafford
751,freeman.rose
542,freida.brown
507,freida.greene
202,gabriela.fisher
224,gabrielle.reid
294,gale.barron
258,gale.burnett
330,garland.perkins
501,garth.turner
219,gena.osborn
753,genaro.russo
54,geoffrey.kidd
300,gerardo.mcmahon
119,gilbert.sykes
520,giovanni.beard
459,glen.guerra
584,glen.rivers
499,glenn.deleon
185,glenn.mcdonald
328,glenna.tanner
321,gloria.davis
458,goldie.puckett
207,greg.schultz
237,gregory.houston
71,greta.english
629,gus.macdonald
435,gus.padilla
154,gustavo.kirkland
658,gwendolyn.spears
375,gwendolyn.tate
711,haley.dean
152,hallie.melendez
345,harley.campos
364,harley.martin
349,harriett.herring
654,harrison.cooley
129,harry.collier
141,heather.francis
350,helene.cortez
311,henry.kelley
358,heriberto.hatfield
47,herman.shepherd
211,herschel.fernandez
522,herschel.graves
682,hester.collins
35,hiram.frost
175,homer.emerson
531,hope.hayden
100,horace.guerra
212,horace.sherman
763,houston.garcia
222,howard.estrada
380,imogene.oneil
32,ira.cortez
157,irene.jarvis
503,iris.chandler
586,iris.morton
417,irma.vasquez
760,irvin.martinez
335,irving.franks
132,jackie.ayala
755,jackie.burris
40,jacob.boone
244,jacob.chaney
340,jacqueline.adams
722,jacqueline.jennings
433,jacquelyn.brady
684,jaime.fulton
555,jamal.fry
465,jamel.good
84,jamie.goodman
717,jan.silva
287,janet.kirk
475,janette.rodriquez
685,janie.acosta
113,jannie.solomon
439,jarred.white
14,jarrett.marsh
591,jarrod.marsh
206,jasmine.meadows
166,jasper.andrews
223,jeannie.brewer
148,jenifer.beck
699,jenna.vaughan
515,jennifer.hewitt
645,jennifer.sanders
429,jenny.woodard
323,jerald.melendez
597,jerome.dale
566,jerome.mcfadden
403,jerrold.rodriquez
239,jerrold.summers
91,jerry.cash
553,jewel.dennis
686,jimmy.wade
75,joann.atkinson
432,joaquin.walters
273,jocelyn.gonzalez
650,jodie.velazquez
89,jody.petty
749,joey.poole
661,johanna.melton
450,john.battle
270,john.murray
347,johnnie.lester
322,johnnie.sweet
333,jolene.henry
188,jolene.reid
673,jonah.atkins
343,jonas.bowen
96,josephine.burton
336,joshua.blair
218,juan.doyle
644,juanita.swanson
690,judson.emerson
8,julia.savage
418,julian.gross
399,julie.lloyd
467,juliette.rios
69,junior.hewitt
573,justin.hines
473,kara.wyatt
292,kareem.hogan
301,kareem.trevino
428,karina.morton
158,kathrine.carpenter
731,katie.gonzalez
574,katie.gross
505,kelley.barrett
125,kenneth.kennedy
734,kenny.franco
559,kerry.klein
448,kieth.barron
461,kimberly.lawson
546,kirk.english
568,kris.hatfield
83,kristi.jordan
19,kristopher.jimenez
599,kyle.colon
241,lacey.perry
339,lakeisha.frazier
250,landon.lloyd
253,lane.mccarty
56,lara.bright
663,lara.chavez
269,latisha.nicholson
209,latonya.briggs
153,laurel.strickland
139,lauri.huffman
23,lavern.grimes
338,lavonne.dunlap
131,lavonne.pacheco
227,lea.sharp
290,leah.perry
424,leanna.abbott
408,lee.hendricks
116,lee.roman
234,leland.morrison
24,lena.mckay
391,leola.waller
595,leonor.padilla
672,leroy.montoya
221,les.cote
178,lesa.battle
527,leslie.finley
536,leslie.foreman
251,lester.william
376,lilian.gordon
106,liliana.robertson
636,lilly.lee
312,lindsey.knowles
235,lindsey.pitts
64,linwood.marshall
557,liz.langley
620,liz.mcbride
215,lizzie.lawrence
592,lloyd.jacobs
17,lonnie.oneal
421,lora.quinn
457,loren.crosby
9,loretta.bass
487,loretta.dickson
477,lorie.mccoy
560,lorna.walton
307,louella.bolton
216,louis.mcbride
550,lucien.valdez
360,lucille.barker
419,lucille.stark
724,lucinda.wiley
701,lucio.shields
254,luisa.riley
204,lula.sherman
605,lupe.evans
472,luther.sweet
621,lynn.cross
355,lynne.knowles
535,mable.delgado
361,mable.nixon
341,mac.franco
72,maggie.bishop
385,maggie.contreras
453,maggie.willis
491,mai.odom
362,mai.valdez
68,major.daniels
635,malinda.avila
374,malinda.bright
426,mamie.fox
50,mandy.mosley
115,manuel.santos
393,marcelino.mcmahon
706,marcia.pitts
217,marcie.campbell
725,marcie.frost
366,margaret.garrison
61,margarito.gates
504,margie.zimmerman
545,margret.hogan
34,marguerite.hunter
554,mariano.alston
230,maribel.rich
631,marisol.porter
76,maritza.williams
177,marjorie.haynes
659,mark.bond
643,marla.jimenez
489,marlene.faulkner
256,marlin.alford
406,marlin.fleming
601,martha.pennington
703,martin.foley
4,martin.pacheco
721,maryanne.moran
314,mason.hutchinson
368,mathew.cummings
624,mathew.wiley
516,matt.snow
265,mattie.burris
363,maureen.gross
579,maureen.patton
310,maureen.roth
606,maurice.gay
514,maxwell.macias
383,meagan.stone
262,melanie.jordan
494,melody.chase
255,merlin.vance
109,mia.allen
107,michele.ward
648,miguel.moody
387,mike.baxter
73,mildred.hammond
344,miles.gates
425,milford.hubbard
571,millard.curry
171,millard.justice
191,millicent.holcomb
693,mindy.clarke
474,minnie.bruce
409,mitch.ferguson
0,mitchel.perkins
485,mohammad.kerr
744,mohammed.carpenter
25,mona.frederick
752,monica.flores
243,monique.hodges
388,monty.golden
653,morgan.kirkland
438,morris.price
678,morton.pearson
200,muriel.potts
261,myrna.fleming
146,myron.hawkins
37,nanette.humphrey
357,napoleon.gonzalez
469,natalia.macias
36,natalia.mejia
689,nathan.dillard
29,nathaniel.dotson
427,nathaniel.robinson
101,ned.santana
53,ned.stein
740,neil.phillips
240,neva.conway
463,newton.hooper
627,nicholas.watts
65,nicole.brooks
551,nicole.leach
317,noelle.tucker
423,noreen.hale
99,norma.barnes
718,norma.koch
271,norman.riggs
283,normand.mckinney
320,norris.morales
79,norris.small
299,numbers.cline
1,odessa.vaughan
297,ollie.dunlap
709,omar.carver
484,ora.stuart
580,orlando.summers
369,oscar.winters
649,paige.monroe
562,pansy.garrett
712,pat.warren
669,patrica.sampson
252,patrice.burgess
302,patsy.jennings
55,patti.dixon
208,patty.marks
496,patty.riggs
169,paula.cotton
614,paula.gonzales
625,pedro.wolfe
694,peggy.cain
679,penny.conway
196,petra.abbott
21,petra.wiggins
298,phyllis.wells
705,porfirio.hooper
495,queen.monroe
247,quincy.hart
470,ramona.ryan
327,randell.burgess
471,raphael.blevins
587,raphael.sykes
561,raul.morton
149,raymond.woodard
758,raymundo.haley
633,regina.guthrie
384,regina.levy
117,reginald.randall
38,rene.nixon
447,reuben.higgins
488,reuben.wells
683,reyes.levine
80,reyna.holloway
144,reyna.tran
598,rhoda.mayo
291,rick.mcclure
745,rico.valentine
698,rigoberto.cleveland
466,rob.hopper
600,rob.rush
58,robby.reese
529,robby.schmidt
316,robert.cooley
315,rocco.kirkland
313,roderick.riddle
532,rodney.gilbert
167,rodolfo.william
750,rogelio.payne
11,roger.golden
28,roland.mcgee
57,roland.whitaker
136,rolland.wagner
628,roman.tanner
33,romeo.gibson
476,ronald.brooks
135,rory.parsons
137,rosalie.middleton
90,rosalind.kelley
444,rosalinda.rodriquez
263,rosario.bernard
528,rosario.larsen
441,rosario.merrill
6,rosella.barrett
78,roslyn.bartlett
371,ross.sutton
414,royce.combs
160,ruben.huff
404,russ.morales
607,russel.mcclain
431,sabrina.suarez
655,sally.crane
436,salvador.osborn
77,sammie.montgomery
272,sanford.holman
114,santiago.mcmillan
723,sarah.wiggins
186,saul.meyers
455,saundra.king
286,savannah.leonard
513,scot.golden
558,scotty.shannon
761,sean.leon
130,sebastian.jackson
245,serena.price
326,sergio.puckett
733,seymour.randolph
604,shana.tyler
556,shane.rivera
446,shane.watkins
356,shari.bruce
611,sharon.hodges
74,sharron.bryant
665,sharron.pittman
422,shawn.harrington
15,shawn.morse
354,sheila.brown
719,shelby.bond
5,shelby.massey
257,shelby.peck
198,sherrie.norman
676,sheryl.wynn
143,sidney.walker
304,silvia.duke
123,silvia.franco
759,simon.miranda
534,solomon.baldwin
331,sondra.lowe
165,staci.castaneda
98,staci.pugh
353,stacy.hess
226,stan.lamb
94,stanley.workman
590,stefan.irwin
127,stefan.shaffer
63,stefan.wheeler
736,stella.hicks
541,stella.lester
324,steve.brady
594,susan.houston
714,susie.vega
726,suzanne.gallegos
162,suzanne.nash
268,suzette.hatfield
502,sylvester.owens
493,tabatha.boyle
525,tabatha.mckay
189,tabitha.ashley
228,tammie.ayers
443,tammie.hanson
231,tania.norman
640,tania.ochoa
738,tanisha.ortega
97,tanya.brown
492,tara.mckenzie
10,taylor.kramer
762,ted.horne
622,teresa.bentley
537,terra.hogan
318,terrence.nieves
173,terry.hayes
18,thelma.small
225,theresa.sweet
688,thurman.osborne
395,tiffany.sanders
105,tod.hyde
735,todd.soto
478,tom.gallegos
26,tomas.gallegos
85,tommie.ferrell
52,tonia.patton
359,tracie.wilcox
210,trenton.boyle
102,tricia.frost
81,trinidad.austin
460,trinidad.rodriquez
22,trudy.le
161,twila.fuller
567,ulysses.patterson
20,ursula.wood
280,valentin.castillo
613,valeria.curry
756,vance.jennings
319,vanessa.davis
602,verna.white
508,vicente.hopper
392,victor.bryan
260,vilma.hart
521,vincent.contreras
544,viola.foster
170,violet.horn
394,virgie.atkins
277,walter.blackwell
381,walter.conner
108,walter.hughes
642,wesley.odonnell
43,wilburn.shepherd
641,wilford.kaufman
481,wilfred.oliver
133,wilfredo.keller
737,willard.williamson
524,williams.mcfarland
378,williams.rios
249,willis.cervantes
585,wyatt.finley
168,young.booth
373,yvette.whitfield
232,yvonne.munoz
572,zachariah.jacobson
264,zachary.huff
172,zelma.abbott
49,zelma.rosario
